benchmark,case,slice,model,stage,n_real,coverage,abs_dev,se,length,length_se,is05,is05_se,crps,crps_se
RealCause,IHDP,all,Do-PFN 2D,indep,100,0.9841333333333331,0.03413333333333313,0.0019848585087263275,27.92011865534009,3.226474637391314,32.010416093618794,4.301580128942714,3.566318539670007,0.4105815824914069
RealCause,ACIC,all,Do-PFN 2D,indep,10,0.9877338877338879,0.03773388773388797,0.007473169870040417,27.772099433808563,1.184389663319275,28.92170065065618,1.36816839419066,2.751081012736063,0.26148338907977126
RealCause,CPS,all,Do-PFN 2D,indep,100,0.9970580964153275,0.047058096415327544,0.0001270330333178849,52291.8296045326,16.779867647328917,52455.058691614744,18.457949935882816,7119.464425899828,10.205482917888517
RealCause,PSID,all,Do-PFN 2D,indep,100,0.9730223880597015,0.023022388059701582,0.0010471626916888988,70001.56755455649,224.5875192276239,97174.16287538019,1383.330001511028,9000.324201136147,56.34738232712937
RealCause,PSID_bal,all,Do-PFN 2D,indep,100,0.9714925373134328,0.021492537313432813,0.0011393518700260911,68200.62832565523,460.46906751334075,96390.52747477517,1435.4022868012744,9005.189882227236,57.56892087336064
RealCause,IHDP,all,Do-PFN 2D (262k),indep,100,0.9826666666666667,0.03266666666666673,0.0019830935259487724,26.824140045013017,3.180107652731745,32.00496723377039,4.447001767077122,3.266534140290946,0.3930845109814123
RealCause,ACIC,all,Do-PFN 2D (262k),indep,10,0.9893970893970895,0.039397089397089524,0.005693159916435443,27.911227534402826,1.078769083218561,29.013009699107158,1.2346543908089167,2.6058752077032303,0.26351771146074415
RealCause,CPS,all,Do-PFN 2D (262k),indep,100,0.9968417799752781,0.046841779975278164,0.00014696585765975906,50057.277641880515,23.889115295198643,50316.37989983805,27.351731791131336,6537.041346547057,13.435693199268282
RealCause,PSID,all,Do-PFN 2D (262k),indep,100,0.9719402985074627,0.021940298507462708,0.0009957030705493998,63758.71771490164,201.79929773134808,93390.17180043919,1453.842277551114,8104.444022199911,53.727136092030015
RealCause,PSID_bal,all,Do-PFN 2D (262k),indep,100,0.9650373134328357,0.015037313432835764,0.0013590368548473048,62251.544805362355,342.77755979319176,94423.29878452646,1533.8539571598637,8366.290319824493,56.440822783230885
RealCause,IHDP,all,UWYK 2D (noanc),indep,100,0.9913333333333333,0.04133333333333333,0.001578474735807479,32.414562138306614,4.0857605958003465,33.40511198124109,4.3751121283937335,2.616802902139014,0.293764612431319
RealCause,ACIC,all,UWYK 2D (noanc),indep,10,0.9931392931392932,0.04313929313929321,0.004076941394340328,25.641463518323736,2.826095310699729,26.74224783455144,2.719322890690752,1.9615463885444828,0.18207995497874585
RealCause,CPS,all,UWYK 2D (noanc),indep,100,0.9326823238566132,0.01731767614338675,0.0010202807835507192,48218.2215188128,61.14808652610069,50010.43432208063,38.292235226669575,7066.893253509488,18.64993413554747
RealCause,PSID,all,UWYK 2D (noanc),indep,100,0.9365298507462687,0.013470149253731245,0.0023909877411613743,78681.23386270521,582.5598764913669,112060.95651602297,1328.0198034501104,11687.979794512969,89.64384399349174
RealCause,PSID_bal,all,UWYK 2D (noanc),indep,100,0.9712313432835821,0.021231343283582116,0.0012830690039984966,85491.25475057613,676.2898718854692,107634.78981802711,1217.8213950574832,10550.044218712796,70.015587659348
RealCause,IHDP,all,UWYK 2D (v3a),indep,100,0.9882666666666665,0.03826666666666656,0.0016980083401539358,27.139961757780462,3.3793290630350348,28.23482900699599,3.6822096207132624,2.4546040982406003,0.2814809730373972
RealCause,ACIC,all,UWYK 2D (v3a),indep,10,0.9893970893970895,0.039397089397089524,0.0056847180969690405,22.369321301014185,2.2591195783352687,23.84825285045215,2.205909033286925,1.8808184887283772,0.17921589522834716
RealCause,CPS,all,UWYK 2D (v3a),indep,100,0.930611866501854,0.019388133498145943,0.0008810787839906087,47853.93235426679,74.65560125397336,49915.81390946851,42.31108895856533,7263.302627688422,19.165987655985738
RealCause,PSID,all,UWYK 2D (v3a),indep,100,0.8885820895522387,0.06141791044776124,0.003499112758286687,68054.44037292739,495.0376174555164,121839.90786055381,1695.6458147618923,12192.426158153354,87.35069842032637
RealCause,PSID_bal,all,UWYK 2D (v3a),indep,100,0.9286940298507461,0.02130597014925384,0.002656463478304458,72487.2233054712,535.8818784059861,109282.43235651811,1411.2428503451424,11732.439724490314,82.69497878599148
RealCause,IHDP,all,CausalPFN 2D,indep,100,0.9775999999999999,0.027599999999999958,0.0029105944487154817,14.999508118972821,1.6355610143818584,15.561232216541326,1.624274837075891,1.3799042551195664,0.09518382582413584
RealCause,ACIC,all,CausalPFN 2D,indep,10,0.9987525987525988,0.04875259875259885,0.0007067248113087662,15.50109210833708,0.5396305667407326,15.697151785525865,0.47411318508254313,1.299488887445482,0.05778339418810652
RealCause,CPS,all,CausalPFN 2D,indep,100,0.9713288009888753,0.02132880098887535,0.003638091371592534,45782.76705058121,175.15015375292336,49479.95569969792,549.8352403307615,6349.204968924789,120.15288731191667
RealCause,PSID,all,CausalPFN 2D,indep,100,0.9801119402985075,0.0301119402985075,0.0008795739904595595,71984.24727701537,1255.8310145333896,96476.85172732398,1528.7613410638676,7581.566909123186,75.19454585454181
RealCause,PSID_bal,all,CausalPFN 2D,indep,100,0.9723880597014924,0.02238805970149249,0.001092057572831265,69005.63085107277,1130.2489648542266,95821.73016422348,1597.8685667637933,8150.357913726317,131.62234651248824
