nodes,context,model,n_real,pehe,pehe_sem,l1_ate,l1_sem,eps_ate,eps_sem
5,1000,cpfn1d_botharms,100,0.218145,0.024899,0.119032,0.022290,0.425971,0.049303
5,1000,cpfn1d_j1024,100,0.209819,0.024409,0.106007,0.021415,0.368470,0.042397
5,1000,cpfn1d_j32,100,0.225509,0.026183,0.123177,0.023435,0.415199,0.046688
5,1000,cpfn2d_eta0,100,0.196760,0.022659,0.092019,0.019032,0.342714,0.039213
5,1000,cpfn_v0,100,0.214368,0.025931,0.111112,0.023606,0.361180,0.045587
5,1000,dopfn_bb,100,0.194978,0.022174,0.103841,0.019454,0.395150,0.043246
5,1000,dopfn_native,100,0.819896,0.384012,0.435253,0.257205,1.939767,0.764094
5,1000,dopfn_repro_1d_J10,100,1.543007,0.163777,1.043074,0.148586,4.070661,0.618665
5,1000,dopfn_repro_1d_J100,100,0.291636,0.042936,0.127808,0.032464,0.721472,0.261994
5,1000,dopfn_repro_joint2d,100,0.182895,0.020271,0.090864,0.017098,0.330213,0.035549
5,1000,graph2d-noanc,100,0.172734,0.019803,0.089082,0.017082,0.331029,0.041237
5,1000,graph2d-v3a,100,0.169605,0.020146,0.086722,0.017023,0.300490,0.035875
5,1000,uwyk1d-noanc,100,0.295395,0.034272,0.224331,0.034110,0.551412,0.037659
5,1000,uwyk1d-v3a,100,0.202489,0.024698,0.103164,0.022347,0.331702,0.040071
5,1000,uwyk_bin-noanc,100,0.289382,0.033321,0.211639,0.032553,0.534274,0.035179
5,1000,uwyk_bin-v3a,100,0.264366,0.031266,0.172736,0.029896,0.426476,0.033090
5,1000,uwyk_bin_WRONG_published_ckpt-noanc,100,0.295395,0.034272,0.224331,0.034110,0.551412,0.037659
5,1000,uwyk_bin_WRONG_published_ckpt-v3a,100,0.202489,0.024698,0.103164,0.022347,0.331702,0.040071
10,1000,cpfn1d_botharms,100,0.231296,0.020426,0.100705,0.014139,0.498994,0.065256
10,1000,cpfn1d_j1024,100,0.224912,0.022328,0.101111,0.015975,0.477935,0.060924
10,1000,cpfn1d_j32,100,0.234707,0.023372,0.114487,0.018013,0.538727,0.068157
10,1000,cpfn2d_eta0,100,0.213495,0.018900,0.087369,0.011300,0.472471,0.064319
10,1000,cpfn_v0,100,0.231931,0.023448,0.113519,0.018145,0.522794,0.074585
10,1000,dopfn_bb,100,0.214782,0.019629,0.084898,0.012445,0.490399,0.075601
10,1000,dopfn_native,100,0.566041,0.124095,0.172276,0.030730,1.271811,0.294986
10,1000,dopfn_repro_1d_J10,100,1.477467,0.131208,0.920303,0.113005,4.782915,0.660983
10,1000,dopfn_repro_1d_J100,100,0.361684,0.051740,0.150068,0.043021,1.032558,0.353409
10,1000,dopfn_repro_joint2d,100,0.199488,0.021168,0.071084,0.013269,0.380891,0.051848
10,1000,graph2d-noanc,100,0.189622,0.017957,0.069804,0.009744,0.333620,0.042551
10,1000,graph2d-v3a,100,0.183184,0.018015,0.063408,0.009511,0.277539,0.038599
10,1000,uwyk1d-noanc,100,0.279727,0.028633,0.175378,0.025518,0.620319,0.039468
10,1000,uwyk1d-v3a,100,0.223870,0.021797,0.106754,0.016354,0.466527,0.041823
10,1000,uwyk_bin-noanc,100,0.273743,0.026927,0.167631,0.023236,0.612378,0.038767
10,1000,uwyk_bin-v3a,100,0.252120,0.024702,0.140229,0.020078,0.533195,0.036752
10,1000,uwyk_bin_WRONG_published_ckpt-noanc,100,0.279727,0.028633,0.175378,0.025518,0.620319,0.039468
10,1000,uwyk_bin_WRONG_published_ckpt-v3a,100,0.223870,0.021797,0.106754,0.016354,0.466527,0.041823
20,1000,cpfn1d_botharms,100,0.232047,0.020164,0.082951,0.011670,0.488702,0.057905
20,1000,cpfn1d_j1024,100,0.220560,0.019341,0.074060,0.009826,0.438084,0.049750
20,1000,cpfn1d_j32,100,0.219376,0.019672,0.075977,0.011371,0.424762,0.049648
20,1000,cpfn2d_eta0,100,0.217921,0.019222,0.067069,0.009678,0.424702,0.064846
20,1000,cpfn_v0,100,0.217955,0.019272,0.074764,0.010988,0.415886,0.048161
20,1000,dopfn_bb,100,0.214382,0.019376,0.073843,0.008001,0.483777,0.041930
20,1000,dopfn_native,100,0.535588,0.073862,0.158899,0.020528,1.144268,0.175257
20,1000,dopfn_repro_1d_J10,100,0.747402,0.079264,0.367388,0.062554,2.275729,0.308550
20,1000,dopfn_repro_1d_J100,100,0.275485,0.021231,0.098751,0.011881,0.608924,0.057409
20,1000,dopfn_repro_joint2d,100,0.208459,0.020433,0.067671,0.010270,0.388664,0.043111
20,1000,graph2d-noanc,100,0.191609,0.018598,0.047650,0.007619,0.320433,0.060828
20,1000,graph2d-v3a,100,0.195518,0.019506,0.053498,0.009912,0.297402,0.039820
20,1000,uwyk1d-noanc,100,0.241133,0.022822,0.114172,0.016481,0.499598,0.038108
20,1000,uwyk1d-v3a,100,0.218336,0.020183,0.077486,0.011599,0.375037,0.032858
20,1000,uwyk_bin-noanc,100,0.238625,0.022357,0.109645,0.015497,0.489584,0.037058
20,1000,uwyk_bin-v3a,100,0.231540,0.021464,0.099620,0.013914,0.465548,0.035403
20,1000,uwyk_bin_WRONG_published_ckpt-noanc,100,0.241133,0.022822,0.114172,0.016481,0.499598,0.038108
20,1000,uwyk_bin_WRONG_published_ckpt-v3a,100,0.218336,0.020183,0.077486,0.011599,0.375037,0.032858
30,1000,cpfn1d_botharms,100,0.256591,0.024466,0.090166,0.014895,0.539077,0.066868
30,1000,cpfn1d_j1024,100,0.251249,0.024310,0.083367,0.014355,0.502154,0.065063
30,1000,cpfn1d_j32,100,0.255824,0.024866,0.084953,0.014586,0.499980,0.067046
30,1000,cpfn2d_eta0,100,0.254837,0.023113,0.076273,0.012095,0.483091,0.056237
30,1000,cpfn_v0,100,0.253776,0.023976,0.084799,0.013420,0.524361,0.067233
30,1000,dopfn_bb,100,0.245922,0.023939,0.076866,0.011612,0.550741,0.068650
30,1000,dopfn_native,100,0.636252,0.110091,0.211933,0.045547,1.690502,0.446766
30,1000,dopfn_repro_1d_J10,100,0.662086,0.057429,0.358061,0.046844,2.431710,0.281379
30,1000,dopfn_repro_1d_J100,100,0.282650,0.023338,0.083617,0.012194,0.531145,0.056743
30,1000,dopfn_repro_joint2d,100,0.239123,0.024118,0.070624,0.010715,0.425279,0.044514
30,1000,graph2d-noanc,100,0.228229,0.022845,0.058718,0.011485,0.347044,0.045345
30,1000,graph2d-v3a,100,0.228134,0.023953,0.060402,0.012280,0.297332,0.032424
30,1000,uwyk1d-noanc,100,0.256319,0.026349,0.098234,0.016263,0.465396,0.039216
30,1000,uwyk1d-v3a,100,0.242948,0.024458,0.076608,0.013274,0.386165,0.035651
30,1000,uwyk_bin-noanc,100,0.256650,0.026286,0.097912,0.016024,0.463809,0.039757
30,1000,uwyk_bin-v3a,100,0.254584,0.026062,0.095394,0.015637,0.456746,0.039043
30,1000,uwyk_bin_WRONG_published_ckpt-noanc,100,0.256319,0.026349,0.098234,0.016263,0.465396,0.039216
30,1000,uwyk_bin_WRONG_published_ckpt-v3a,100,0.242948,0.024458,0.076608,0.013274,0.386165,0.035651
40,1000,cpfn1d_botharms,100,0.169249,0.018377,0.054109,0.012158,0.352693,0.040451
40,1000,cpfn1d_j1024,100,0.164943,0.017202,0.047400,0.010424,0.310249,0.033263
40,1000,cpfn1d_j32,100,0.168182,0.019226,0.053318,0.013728,0.337169,0.044693
40,1000,cpfn2d_eta0,100,0.171124,0.016473,0.048799,0.007552,0.391169,0.059327
40,1000,cpfn_v0,100,0.166208,0.017020,0.051467,0.010008,0.358470,0.046197
40,1000,dopfn_bb,100,0.172374,0.017747,0.067123,0.010595,0.502325,0.072137
40,1000,dopfn_native,100,0.360143,0.072788,0.150262,0.053003,1.223269,0.514483
40,1000,dopfn_repro_1d_J10,100,0.493820,0.058174,0.274481,0.050116,2.033968,0.249042
40,1000,dopfn_repro_1d_J100,100,0.190438,0.018325,0.055625,0.012094,0.372248,0.040252
40,1000,dopfn_repro_joint2d,100,0.155769,0.016197,0.042036,0.006799,0.285407,0.035021
40,1000,graph2d-noanc,100,0.149209,0.016134,0.038519,0.007560,0.264759,0.034910
40,1000,graph2d-v3a,100,0.149711,0.016650,0.037808,0.008739,0.239754,0.031631
40,1000,uwyk1d-noanc,100,0.170823,0.021158,0.065363,0.016005,0.348452,0.035571
40,1000,uwyk1d-v3a,100,0.162065,0.020153,0.052383,0.014809,0.285471,0.027218
40,1000,uwyk_bin-noanc,100,0.171427,0.021132,0.065353,0.016006,0.347150,0.036062
40,1000,uwyk_bin-v3a,100,0.168617,0.020794,0.059495,0.015639,0.318585,0.033470
40,1000,uwyk_bin_WRONG_published_ckpt-noanc,100,0.170823,0.021158,0.065363,0.016005,0.348452,0.035571
40,1000,uwyk_bin_WRONG_published_ckpt-v3a,100,0.162065,0.020153,0.052383,0.014809,0.285471,0.027218
50,1000,cpfn1d_botharms,100,0.211997,0.023877,0.060053,0.010831,0.342517,0.042085
50,1000,cpfn1d_j1024,100,0.208231,0.023810,0.056524,0.010340,0.340478,0.041766
50,1000,cpfn1d_j32,100,0.211990,0.024503,0.059740,0.010958,0.341996,0.046099
50,1000,cpfn2d_eta0,100,0.225228,0.024186,0.063825,0.010455,0.409874,0.049105
50,1000,cpfn_v0,100,0.210236,0.024283,0.058440,0.010646,0.334928,0.041449
50,1000,dopfn_bb,100,0.220851,0.023971,0.078350,0.010949,0.568699,0.074488
50,1000,dopfn_native,100,0.370218,0.052730,0.110665,0.017074,0.765510,0.124108
50,1000,dopfn_repro_1d_J10,100,0.419467,0.053468,0.209104,0.041802,1.763661,0.402957
50,1000,dopfn_repro_1d_J100,100,0.230696,0.024352,0.077663,0.012674,0.462136,0.050376
50,1000,dopfn_repro_joint2d,100,0.230823,0.027602,0.085355,0.017367,0.607157,0.147560
50,1000,graph2d-noanc,100,0.196865,0.023290,0.053156,0.009456,0.341498,0.045797
50,1000,graph2d-v3a,100,0.196278,0.023626,0.052632,0.010123,0.318482,0.042696
50,1000,uwyk1d-noanc,100,0.214820,0.025485,0.074784,0.013712,0.374204,0.038501
50,1000,uwyk1d-v3a,100,0.208651,0.024879,0.068242,0.012478,0.351366,0.034769
50,1000,uwyk_bin-noanc,100,0.215369,0.025414,0.074943,0.013544,0.380117,0.038346
50,1000,uwyk_bin-v3a,100,0.213631,0.025304,0.072906,0.013268,0.372406,0.036630
50,1000,uwyk_bin_WRONG_published_ckpt-noanc,100,0.214820,0.025485,0.074784,0.013712,0.374204,0.038501
50,1000,uwyk_bin_WRONG_published_ckpt-v3a,100,0.208651,0.024879,0.068242,0.012478,0.351366,0.034769
