benchmark,case,slice,model,stage,n_real,coverage,abs_dev,se,length,length_se
RealCause,IHDP,all,Do-PFN 2D,indep_malc,100,0.9829333333333332,0.03293333333333326,0.0019883386180822235,27.35690570407681,3.1000316207894505
RealCause,ACIC,all,Do-PFN 2D,indep_malc,10,0.9881496881496881,0.03814968814968811,0.0072949638877065764,27.57707715836974,1.178386316888102
RealCause,CPS,all,Do-PFN 2D,indep_malc,100,0.9963411619283066,0.04634116192830662,0.0001450592828072165,52021.62109643962,20.742424013149506
RealCause,PSID,all,Do-PFN 2D,indep_malc,100,0.9730970149253733,0.023097014925373305,0.0010571075052187874,68077.69265905634,212.27754829193182
RealCause,PSID_bal,all,Do-PFN 2D,indep_malc,100,0.9699626865671642,0.019962686567164267,0.0011898944197351884,66102.949681339,422.5816377185365
RealCause,IHDP,all,UWYK 2D (noanc),indep_malc,100,0.9911999999999999,0.0411999999999999,0.0015421645842575527,31.65177605957056,3.9019405894891444
RealCause,ACIC,all,UWYK 2D (noanc),indep_malc,10,0.9902286902286901,0.040228690228690134,0.005880714213049697,24.561149659208347,2.515183629003805
RealCause,CPS,all,UWYK 2D (noanc),indep_malc,100,0.9054326328800987,0.04456736711990128,0.0012352663259267232,43572.75174702158,111.91802843113742
RealCause,PSID,all,UWYK 2D (noanc),indep_malc,100,0.9202985074626865,0.029701492537313468,0.002892484585377684,76306.92633212832,518.5600883531271
RealCause,PSID_bal,all,UWYK 2D (noanc),indep_malc,100,0.9660447761194029,0.016044776119402915,0.0015274633609713892,82462.12004820502,577.6722943372898
RealCause,IHDP,all,UWYK 2D (v3a),indep_malc,100,0.9886666666666667,0.03866666666666674,0.0016233426323201054,27.140863227903427,3.346859601092993
RealCause,ACIC,all,UWYK 2D (v3a),indep_malc,10,0.9875259875259875,0.03752598752598757,0.007121404063016006,21.885382928167807,2.1894357491144105
RealCause,CPS,all,UWYK 2D (v3a),indep_malc,100,0.9011619283065513,0.04883807169344867,0.0010667220827212847,42980.57767502328,112.04913388552208
RealCause,PSID,all,UWYK 2D (v3a),indep_malc,100,0.8776492537313433,0.07235074626865667,0.003617786213677622,67670.5717975083,461.7211007257556
RealCause,PSID_bal,all,UWYK 2D (v3a),indep_malc,100,0.9126492537313434,0.03735074626865653,0.003099756478562395,70681.52468905608,496.58696922360394
RealCause,IHDP,all,CausalPFN 2D,indep_malc,100,0.9777333333333331,0.027733333333333166,0.002880672075217565,14.939468113420169,1.6207455221655096
RealCause,ACIC,all,CausalPFN 2D,indep_malc,10,0.9991683991683992,0.04916839916839921,0.0006351456264664994,15.47079653554647,0.5376926263420657
RealCause,CPS,all,CausalPFN 2D,indep_malc,100,0.963281829419036,0.013281829419035995,0.00438271021165488,44471.43654986601,167.02756998731573
RealCause,PSID,all,CausalPFN 2D,indep_malc,100,0.9803731343283582,0.030373134328358198,0.0008528912525155351,72888.4528845451,1020.4849810149557
RealCause,PSID_bal,all,CausalPFN 2D,indep_malc,100,0.9722014925373137,0.02220149253731374,0.0009983760280028113,68122.24206132593,1048.879957886523
