model,realization,L_y0y1,L_tau,L_ate,Q,n_nonfinite_y0y1,n_nonfinite_tau,nonfinite_ate,tau_grid_mass_min,n_malc_fallback,dataset,working_shift,working_scale,seconds,dump
Do-PFN,0,5.923960541217371,3.051985061549452,2.816857012056592,481,0,0,0,0.9682394902334938,2,ACIC,5.17662230367315,19.74198010054075,1764.5,/scratch/furkanbd/rc_dens_uni/dopfn_native/ACIC/r000.npz
Do-PFN,1,5.984793698298204,2.998583240517732,2.952811064577559,481,0,0,0,0.9960256536050803,0,ACIC,28.4076425451522,27.856053703502397,1933.0,/scratch/furkanbd/rc_dens_uni/dopfn_native/ACIC/r001.npz
Do-PFN,2,5.974728770589109,2.9510276241432876,2.918067227590864,481,0,0,0,0.9817430063913104,0,ACIC,3.2114327454623517,20.44641757007045,1763.1,/scratch/furkanbd/rc_dens_uni/dopfn_native/ACIC/r002.npz
Do-PFN,3,5.808326347743108,3.18533310053867,2.8990434303455026,481,0,0,0,0.9935059747472875,7,ACIC,7.7081267323192595,19.58163775641154,1900.6,/scratch/furkanbd/rc_dens_uni/dopfn_native/ACIC/r003.npz
Do-PFN,4,5.844495149116977,3.0748814841290906,2.8039252010946254,481,0,0,0,0.9998546931107964,3,ACIC,-7.90945518238975,23.42293792000655,2034.9,/scratch/furkanbd/rc_dens_uni/dopfn_native/ACIC/r004.npz
Do-PFN,5,5.626448898025386,2.916177088078632,2.8337325502053,481,0,0,0,0.9878685925758255,10,ACIC,21.474972358813464,30.728411737094735,1993.9,/scratch/furkanbd/rc_dens_uni/dopfn_native/ACIC/r005.npz
Do-PFN,6,5.645887431859973,2.975490936336019,2.872569420405207,481,0,0,0,0.9381255701072777,1,ACIC,0.05008357155415055,27.03541685512375,2044.4,/scratch/furkanbd/rc_dens_uni/dopfn_native/ACIC/r006.npz
Do-PFN,7,5.248129362778167,2.6268151262491846,2.4881405968181842,481,0,0,0,0.9966744784126561,1,ACIC,12.54750049877225,27.14376034190815,2057.0,/scratch/furkanbd/rc_dens_uni/dopfn_native/ACIC/r007.npz
Do-PFN,8,5.911782958097023,2.989924707178469,2.895363622230988,481,0,0,0,0.9999396624406204,0,ACIC,3.290010573340849,18.87493458482995,1823.9,/scratch/furkanbd/rc_dens_uni/dopfn_native/ACIC/r008.npz
Do-PFN,9,5.931907566697484,3.467435831857294,3.0230525664700894,481,0,0,0,0.9997293257451916,17,ACIC,-44.1326784489306,20.3090849546958,1879.1,/scratch/furkanbd/rc_dens_uni/dopfn_native/ACIC/r009.npz
