model,realization,L_y0y1,L_tau,L_ate,Q,n_nonfinite_y0y1,n_nonfinite_tau,nonfinite_ate,tau_grid_mass_min,dataset,working_shift,working_scale,seconds,dump
Do-PFN,0,5.923960541217371,3.0460886414273305,2.814329395945566,481,0,0,0,0.9679157829898264,ACIC,5.17662230367315,19.74198010054075,452.1,/scratch/furkanbd/rc_dens_uni/dopfn_native/ACIC/r000.npz
Do-PFN,1,5.984793698298204,2.9958018886870694,2.952465027151126,481,0,0,0,0.9960254648567137,ACIC,28.4076425451522,27.856053703502397,406.9,/scratch/furkanbd/rc_dens_uni/dopfn_native/ACIC/r001.npz
Do-PFN,2,5.974728770589109,2.9444162470801998,2.9194541871275583,481,0,0,0,0.9811015822000707,ACIC,3.2114327454623517,20.44641757007045,268.8,/scratch/furkanbd/rc_dens_uni/dopfn_native/ACIC/r002.npz
Do-PFN,3,5.808326347743108,3.1868831712005417,2.8882815976416665,481,0,0,0,0.9928066269058351,ACIC,7.7081267323192595,19.58163775641154,204.1,/scratch/furkanbd/rc_dens_uni/dopfn_native/ACIC/r003.npz
Do-PFN,4,5.844495149116977,3.0658860207954044,2.7960673333000585,481,0,0,0,0.999854065393564,ACIC,-7.90945518238975,23.42293792000655,209.3,/scratch/furkanbd/rc_dens_uni/dopfn_native/ACIC/r004.npz
Do-PFN,5,5.626448898025386,2.880426059593196,2.7942816051463817,481,0,0,0,0.987866679785638,ACIC,21.474972358813464,30.728411737094735,191.0,/scratch/furkanbd/rc_dens_uni/dopfn_native/ACIC/r005.npz
Do-PFN,6,5.645887431859973,2.952736841331347,2.8524537052377243,481,0,0,0,0.9379994447416543,ACIC,0.05008357155415055,27.03541685512375,418.4,/scratch/furkanbd/rc_dens_uni/dopfn_native/ACIC/r006.npz
Do-PFN,7,5.248129362778167,2.612360255439014,2.4955108710526583,481,0,0,0,0.9966751395033894,ACIC,12.54750049877225,27.14376034190815,198.5,/scratch/furkanbd/rc_dens_uni/dopfn_native/ACIC/r007.npz
Do-PFN,8,5.911782958097023,2.981092955359784,2.9053323704209957,481,0,0,0,0.9999382220100773,ACIC,3.290010573340849,18.87493458482995,248.3,/scratch/furkanbd/rc_dens_uni/dopfn_native/ACIC/r008.npz
Do-PFN,9,5.931907566697484,3.468030027312113,3.041173836124576,481,0,0,0,0.9997203067872632,ACIC,-44.1326784489306,20.3090849546958,211.5,/scratch/furkanbd/rc_dens_uni/dopfn_native/ACIC/r009.npz
Do-PFN 2D,0,5.933364392016104,3.274012207929032,2.1905076147754152,481,0,0,0,0.999486669305103,ACIC,5.17662230367315,19.74198010054075,151.9,/scratch/furkanbd/dumps_all/dopfn_repro_joint2d_262k_t1/rc/dopfn_native/ACIC/r000.npz
Do-PFN 2D,1,6.058750521152441,2.588659041810046,2.44937545763186,481,0,0,0,0.9937817007550561,ACIC,28.4076425451522,27.856053703502397,156.1,/scratch/furkanbd/dumps_all/dopfn_repro_joint2d_262k_t1/rc/dopfn_native/ACIC/r001.npz
Do-PFN 2D,2,6.086768832578131,2.0874146459731464,1.9464102098534741,481,0,0,0,0.9993697764469754,ACIC,3.2114327454623517,20.44641757007045,183.4,/scratch/furkanbd/dumps_all/dopfn_repro_joint2d_262k_t1/rc/dopfn_native/ACIC/r002.npz
Do-PFN 2D,3,6.068436083701607,3.5002982955419313,3.2353579464542577,481,0,0,0,0.9973404513477225,ACIC,7.7081267323192595,19.58163775641154,143.3,/scratch/furkanbd/dumps_all/dopfn_repro_joint2d_262k_t1/rc/dopfn_native/ACIC/r003.npz
Do-PFN 2D,4,5.841760691492123,3.1697748548944698,1.821954029861947,481,0,0,0,0.9978867092696778,ACIC,-7.90945518238975,23.42293792000655,168.6,/scratch/furkanbd/dumps_all/dopfn_repro_joint2d_262k_t1/rc/dopfn_native/ACIC/r004.npz
Do-PFN 2D,5,5.637381645667076,2.7372920955858993,2.583735774085461,481,0,0,0,0.9999948531267453,ACIC,21.474972358813464,30.728411737094735,137.3,/scratch/furkanbd/dumps_all/dopfn_repro_joint2d_262k_t1/rc/dopfn_native/ACIC/r005.npz
Do-PFN 2D,6,5.800836255549893,2.548721556896957,2.0350451503530156,481,0,0,0,0.9855780409103185,ACIC,0.05008357155415055,27.03541685512375,158.4,/scratch/furkanbd/dumps_all/dopfn_repro_joint2d_262k_t1/rc/dopfn_native/ACIC/r006.npz
Do-PFN 2D,7,5.422910840834291,2.9066382033815628,2.045548744181504,481,0,0,0,0.997892801216901,ACIC,12.54750049877225,27.14376034190815,167.7,/scratch/furkanbd/dumps_all/dopfn_repro_joint2d_262k_t1/rc/dopfn_native/ACIC/r007.npz
Do-PFN 2D,8,5.995177049343577,2.4212773899855304,1.5989582054312665,481,0,0,0,0.9998333513817756,ACIC,3.290010573340849,18.87493458482995,157.0,/scratch/furkanbd/dumps_all/dopfn_repro_joint2d_262k_t1/rc/dopfn_native/ACIC/r008.npz
Do-PFN 2D,9,6.0007905528966905,4.332004689349027,2.5414838026141005,481,0,0,0,0.9989492891012626,ACIC,-44.1326784489306,20.3090849546958,157.9,/scratch/furkanbd/dumps_all/dopfn_repro_joint2d_262k_t1/rc/dopfn_native/ACIC/r009.npz
UWYK No-Anc,0,4.6485466429044635,2.9835290010950692,2.4197251148904924,481,0,0,0,0.9997033731129035,ACIC,5.17662230367315,19.74198010054075,139.5,/scratch/furkanbd/rc_dens_uni/uwyk1d/ACIC/ACIC_r000.npz
UWYK No-Anc,1,5.685517201448138,2.910525321295405,2.8848712085687325,481,0,0,0,0.9999821030776267,ACIC,28.4076425451522,27.856053703502397,134.8,/scratch/furkanbd/rc_dens_uni/uwyk1d/ACIC/ACIC_r001.npz
UWYK No-Anc,2,4.250388395701181,2.437729960141931,2.280931369587627,481,0,0,0,0.999915744872482,ACIC,3.2114327454623517,20.44641757007045,129.3,/scratch/furkanbd/rc_dens_uni/uwyk1d/ACIC/ACIC_r002.npz
UWYK No-Anc,3,5.002154023926007,2.9321804638785576,2.6119815072188297,481,0,0,0,0.9998466626238451,ACIC,7.7081267323192595,19.58163775641154,245.1,/scratch/furkanbd/rc_dens_uni/uwyk1d/ACIC/ACIC_r003.npz
UWYK No-Anc,4,4.951504974858614,2.90244845216252,2.5799008296622836,481,0,0,0,0.9999385421552357,ACIC,-7.90945518238975,23.42293792000655,256.4,/scratch/furkanbd/rc_dens_uni/uwyk1d/ACIC/ACIC_r004.npz
UWYK No-Anc,5,5.442956495737997,2.8224933668422527,2.7557633656507043,481,0,0,0,0.9989215010812814,ACIC,21.474972358813464,30.728411737094735,160.4,/scratch/furkanbd/rc_dens_uni/uwyk1d/ACIC/ACIC_r005.npz
UWYK No-Anc,6,4.997178612658988,2.7420706478057246,2.5769718429932946,481,0,0,0,0.999867107170351,ACIC,0.05008357155415055,27.03541685512375,144.2,/scratch/furkanbd/rc_dens_uni/uwyk1d/ACIC/ACIC_r006.npz
UWYK No-Anc,7,3.936159969720047,2.410540435186943,2.1122613819204084,481,0,0,0,0.9983652319084165,ACIC,12.54750049877225,27.14376034190815,150.8,/scratch/furkanbd/rc_dens_uni/uwyk1d/ACIC/ACIC_r007.npz
UWYK No-Anc,8,4.740176921430274,2.6823771334459026,2.6256190064648344,481,0,0,0,0.9999960034226758,ACIC,3.290010573340849,18.87493458482995,189.4,/scratch/furkanbd/rc_dens_uni/uwyk1d/ACIC/ACIC_r008.npz
UWYK No-Anc,9,5.151446761034287,3.2971359453229083,2.828906286170802,481,0,0,0,0.9998250055034867,ACIC,-44.1326784489306,20.3090849546958,110.8,/scratch/furkanbd/rc_dens_uni/uwyk1d/ACIC/ACIC_r009.npz
UWYK No-Anc 2D,0,4.27712844985025,2.7809245598157024,1.5882941591101953,481,0,0,0,0.9999973493483768,ACIC,5.17662230367315,19.74198010054075,136.0,/scratch/furkanbd/rc_nll2d/graph2d/ACIC/ACIC_r000.npz
UWYK No-Anc 2D,1,5.6661973668558065,2.3969547651068934,2.2347244241692517,481,0,0,0,0.9999999974674064,ACIC,28.4076425451522,27.856053703502397,135.5,/scratch/furkanbd/rc_nll2d/graph2d/ACIC/ACIC_r001.npz
UWYK No-Anc 2D,2,3.9782251870814025,1.8096524859429937,1.1879613897805277,481,0,0,0,0.9999988600539824,ACIC,3.2114327454623517,20.44641757007045,148.3,/scratch/furkanbd/rc_nll2d/graph2d/ACIC/ACIC_r002.npz
UWYK No-Anc 2D,3,5.066798360248159,3.0244172349194343,2.3383799500832625,481,0,0,0,0.9999996346979956,ACIC,7.7081267323192595,19.58163775641154,137.2,/scratch/furkanbd/rc_nll2d/graph2d/ACIC/ACIC_r003.npz
UWYK No-Anc 2D,4,5.026832759845771,2.8709741348517244,2.634312163041561,481,0,0,0,0.999999969947839,ACIC,-7.90945518238975,23.42293792000655,135.0,/scratch/furkanbd/rc_nll2d/graph2d/ACIC/ACIC_r004.npz
UWYK No-Anc 2D,5,5.663800436784737,2.8074773856857624,2.71581031961187,481,0,0,0,0.9999998873083166,ACIC,21.474972358813464,30.728411737094735,123.0,/scratch/furkanbd/rc_nll2d/graph2d/ACIC/ACIC_r005.npz
UWYK No-Anc 2D,6,5.040038686014608,2.457976657060755,1.587518537574376,481,0,0,0,1.0000002089578208,ACIC,0.05008357155415055,27.03541685512375,119.4,/scratch/furkanbd/rc_nll2d/graph2d/ACIC/ACIC_r006.npz
UWYK No-Anc 2D,7,3.836777257339804,2.103450640272666,1.3970553452661996,481,0,0,0,0.9999962194286337,ACIC,12.54750049877225,27.14376034190815,134.2,/scratch/furkanbd/rc_nll2d/graph2d/ACIC/ACIC_r007.npz
UWYK No-Anc 2D,8,4.962636176275917,2.544150000696052,2.270365047830854,481,0,0,0,0.9999999914800961,ACIC,3.290010573340849,18.87493458482995,133.7,/scratch/furkanbd/rc_nll2d/graph2d/ACIC/ACIC_r008.npz
UWYK No-Anc 2D,9,4.874615503086999,2.947989811835817,2.5592800235332573,481,0,0,0,0.9999998366199062,ACIC,-44.1326784489306,20.3090849546958,133.8,/scratch/furkanbd/rc_nll2d/graph2d/ACIC/ACIC_r009.npz
UWYK Anc,0,4.77552824173641,2.9908023125040732,2.391456563867787,481,0,0,0,0.9996417787298015,ACIC,5.17662230367315,19.74198010054075,141.7,/scratch/furkanbd/rc_dens_uni/uwyk1d/ACIC/ACIC_r000.npz
UWYK Anc,1,5.605517345930047,2.7522497469088005,2.709579501721997,481,0,0,0,0.9999544585032918,ACIC,28.4076425451522,27.856053703502397,145.2,/scratch/furkanbd/rc_dens_uni/uwyk1d/ACIC/ACIC_r001.npz
UWYK Anc,2,3.796632528298601,2.190719760376934,2.027639623822981,481,0,0,0,0.9998645673181711,ACIC,3.2114327454623517,20.44641757007045,189.3,/scratch/furkanbd/rc_dens_uni/uwyk1d/ACIC/ACIC_r002.npz
UWYK Anc,3,4.488193674262577,2.6135976157271728,2.4480936179069968,481,0,0,0,0.999677673327617,ACIC,7.7081267323192595,19.58163775641154,128.8,/scratch/furkanbd/rc_dens_uni/uwyk1d/ACIC/ACIC_r003.npz
UWYK Anc,4,4.437331037118824,2.615835388417137,2.3689126091084827,481,0,0,0,0.9993935904479107,ACIC,-7.90945518238975,23.42293792000655,128.5,/scratch/furkanbd/rc_dens_uni/uwyk1d/ACIC/ACIC_r004.npz
UWYK Anc,5,5.303022447900687,2.6738160612886768,2.5534984383580266,481,0,0,0,0.9962698739904808,ACIC,21.474972358813464,30.728411737094735,159.5,/scratch/furkanbd/rc_dens_uni/uwyk1d/ACIC/ACIC_r005.npz
UWYK Anc,6,4.736557371130076,2.5676888235445925,2.305873123195929,481,0,0,0,0.9998098598069829,ACIC,0.05008357155415055,27.03541685512375,167.8,/scratch/furkanbd/rc_dens_uni/uwyk1d/ACIC/ACIC_r006.npz
UWYK Anc,7,3.734400390280946,2.2462746881145863,1.9303138514041476,481,0,0,0,0.9975141571800841,ACIC,12.54750049877225,27.14376034190815,161.7,/scratch/furkanbd/rc_dens_uni/uwyk1d/ACIC/ACIC_r007.npz
UWYK Anc,8,4.514793014032499,2.518271586715901,2.4147727425751504,481,0,0,0,0.9999774215901788,ACIC,3.290010573340849,18.87493458482995,112.7,/scratch/furkanbd/rc_dens_uni/uwyk1d/ACIC/ACIC_r008.npz
UWYK Anc,9,4.991911373165429,3.203979119732538,2.6880857494408867,481,0,0,0,0.9992353151062577,ACIC,-44.1326784489306,20.3090849546958,110.3,/scratch/furkanbd/rc_dens_uni/uwyk1d/ACIC/ACIC_r009.npz
UWYK Anc 2D,0,4.182228106645169,2.7730510105746875,1.5791741011614668,481,0,0,0,0.9999972665046353,ACIC,5.17662230367315,19.74198010054075,131.1,/scratch/furkanbd/rc_nll2d/graph2d/ACIC/ACIC_r000.npz
UWYK Anc 2D,1,5.643160851361057,2.395000298908959,2.2409647892834355,481,0,0,0,1.000000003259555,ACIC,28.4076425451522,27.856053703502397,131.2,/scratch/furkanbd/rc_nll2d/graph2d/ACIC/ACIC_r001.npz
UWYK Anc 2D,2,3.8758989852747896,1.8002688409870524,1.1755410914245563,481,0,0,0,0.9999990476420173,ACIC,3.2114327454623517,20.44641757007045,131.4,/scratch/furkanbd/rc_nll2d/graph2d/ACIC/ACIC_r002.npz
UWYK Anc 2D,3,4.964806301614904,2.962367361932845,2.3058691423354563,481,0,0,0,0.9999996082432174,ACIC,7.7081267323192595,19.58163775641154,118.7,/scratch/furkanbd/rc_nll2d/graph2d/ACIC/ACIC_r003.npz
UWYK Anc 2D,4,4.829687394238459,2.7826888586971683,2.529362755984966,481,0,0,0,0.9999999666358038,ACIC,-7.90945518238975,23.42293792000655,129.7,/scratch/furkanbd/rc_nll2d/graph2d/ACIC/ACIC_r004.npz
UWYK Anc 2D,5,5.566700333756032,2.7066483824129977,2.6062847409774252,481,0,0,0,1.000000074089828,ACIC,21.474972358813464,30.728411737094735,132.3,/scratch/furkanbd/rc_nll2d/graph2d/ACIC/ACIC_r005.npz
UWYK Anc 2D,6,4.991558944218413,2.4450625854757027,1.5999243381121608,481,0,0,0,1.000000264226913,ACIC,0.05008357155415055,27.03541685512375,132.1,/scratch/furkanbd/rc_nll2d/graph2d/ACIC/ACIC_r006.npz
UWYK Anc 2D,7,3.781226257117731,2.10925291502156,1.402309272841943,481,0,0,0,0.999996947494697,ACIC,12.54750049877225,27.14376034190815,134.0,/scratch/furkanbd/rc_nll2d/graph2d/ACIC/ACIC_r007.npz
UWYK Anc 2D,8,4.822411334268388,2.472186213038344,2.239075195232167,481,0,0,0,1.0000001251719683,ACIC,3.290010573340849,18.87493458482995,132.9,/scratch/furkanbd/rc_nll2d/graph2d/ACIC/ACIC_r008.npz
UWYK Anc 2D,9,4.824929220812744,2.9569647203435188,2.5121268022636816,481,0,0,0,1.0000000407833693,ACIC,-44.1326784489306,20.3090849546958,117.9,/scratch/furkanbd/rc_nll2d/graph2d/ACIC/ACIC_r009.npz
CausalPFN-C,0,2.3388871345392053,1.8638664613298541,1.3710282826144888,481,0,0,0,0.9999999061082787,ACIC,5.17662230367315,19.74198010054075,0.6,/scratch/furkanbd/rc_dens_uni/cpfn1d/ACIC/ACIC_r00.npz
CausalPFN-C,1,2.909293088007453,1.9709981633625857,1.5093073117942122,481,0,0,0,0.9999999331739401,ACIC,28.4076425451522,27.856053703502397,0.6,/scratch/furkanbd/rc_dens_uni/cpfn1d/ACIC/ACIC_r01.npz
CausalPFN-C,2,2.140541228891676,1.8131414606109453,1.3198084993964667,481,0,0,0,0.9999999612945863,ACIC,3.2114327454623517,20.44641757007045,0.6,/scratch/furkanbd/rc_dens_uni/cpfn1d/ACIC/ACIC_r02.npz
CausalPFN-C,3,3.347375874110023,2.2241411076461395,1.812469024012437,481,0,0,0,0.9999762734313091,ACIC,7.7081267323192595,19.58163775641154,0.6,/scratch/furkanbd/rc_dens_uni/cpfn1d/ACIC/ACIC_r03.npz
CausalPFN-C,4,2.303807431885359,1.946479402241157,1.3961413142540404,481,0,0,0,0.9999992050395977,ACIC,-7.90945518238975,23.42293792000655,0.6,/scratch/furkanbd/rc_dens_uni/cpfn1d/ACIC/ACIC_r04.npz
CausalPFN-C,5,2.3709698819655447,1.9643836761360551,1.4827619659849018,481,0,0,0,0.999999616915699,ACIC,21.474972358813464,30.728411737094735,0.6,/scratch/furkanbd/rc_dens_uni/cpfn1d/ACIC/ACIC_r05.npz
CausalPFN-C,6,3.1141291775372553,2.0765755816502294,1.7260488975864658,481,0,0,0,0.9999996129657284,ACIC,0.05008357155415055,27.03541685512375,0.6,/scratch/furkanbd/rc_dens_uni/cpfn1d/ACIC/ACIC_r06.npz
CausalPFN-C,7,2.6057499089113985,1.9887900443139443,1.5036132346338835,481,0,0,0,0.9999999647487754,ACIC,12.54750049877225,27.14376034190815,0.6,/scratch/furkanbd/rc_dens_uni/cpfn1d/ACIC/ACIC_r07.npz
CausalPFN-C,8,3.3024668340715424,2.2788857823237665,2.0290263444853025,481,0,0,0,0.999997719256481,ACIC,3.290010573340849,18.87493458482995,1.4,/scratch/furkanbd/rc_dens_uni/cpfn1d/ACIC/ACIC_r08.npz
CausalPFN-C,9,3.446115129373725,2.397552224526089,2.2051504816034924,481,0,0,0,0.9999980190407749,ACIC,-44.1326784489306,20.3090849546958,0.6,/scratch/furkanbd/rc_dens_uni/cpfn1d/ACIC/ACIC_r09.npz
CausalPFN-C 2D,0,3.755846349718563,2.2196813097361012,2.0986378272210393,481,0,0,0,0.9999921021380311,ACIC,5.17662230367315,19.74198010054075,140.3,/scratch/furkanbd/rc_nll2d/cpfn2d_pooled/ACIC/ACIC_r00.npz
CausalPFN-C 2D,1,4.0202818098020225,2.259385403852233,2.1703815108113185,481,0,0,0,0.9999895174831303,ACIC,28.4076425451522,27.856053703502397,141.8,/scratch/furkanbd/rc_nll2d/cpfn2d_pooled/ACIC/ACIC_r01.npz
CausalPFN-C 2D,2,3.8669580206311998,2.270476084011269,2.202102896431936,481,0,0,0,0.9999928851266401,ACIC,3.2114327454623517,20.44641757007045,252.4,/scratch/furkanbd/rc_nll2d/cpfn2d_pooled/ACIC/ACIC_r02.npz
CausalPFN-C 2D,3,4.241687769571394,2.444113074002349,2.259033558332062,481,0,0,0,0.9999831720326386,ACIC,7.7081267323192595,19.58163775641154,229.0,/scratch/furkanbd/rc_nll2d/cpfn2d_pooled/ACIC/ACIC_r03.npz
CausalPFN-C 2D,4,3.7785933747756384,2.237671995665135,2.114154894644817,481,0,0,0,0.9999648426152561,ACIC,-7.90945518238975,23.42293792000655,333.2,/scratch/furkanbd/rc_nll2d/cpfn2d_pooled/ACIC/ACIC_r04.npz
CausalPFN-C 2D,5,4.0074399502110625,2.287668066513404,2.198332898553846,481,0,0,0,0.9999769021329071,ACIC,21.474972358813464,30.728411737094735,181.9,/scratch/furkanbd/rc_nll2d/cpfn2d_pooled/ACIC/ACIC_r05.npz
CausalPFN-C 2D,6,4.230971715100729,2.3678403751857644,2.218230169114511,481,0,0,0,0.9989804127293546,ACIC,0.05008357155415055,27.03541685512375,203.1,/scratch/furkanbd/rc_nll2d/cpfn2d_pooled/ACIC/ACIC_r06.npz
CausalPFN-C 2D,7,3.631111426052668,2.0941333329041676,1.8414926930467428,481,0,0,0,0.9999884199603754,ACIC,12.54750049877225,27.14376034190815,186.3,/scratch/furkanbd/rc_nll2d/cpfn2d_pooled/ACIC/ACIC_r07.npz
CausalPFN-C 2D,8,4.329148405893358,2.3384454964207713,2.242506809199207,481,0,0,0,0.9999878465299276,ACIC,3.290010573340849,18.87493458482995,353.5,/scratch/furkanbd/rc_nll2d/cpfn2d_pooled/ACIC/ACIC_r08.npz
CausalPFN-C 2D,9,4.258648279725804,2.498271021507416,2.3067930486867523,481,0,0,0,0.9999622869772705,ACIC,-44.1326784489306,20.3090849546958,393.8,/scratch/furkanbd/rc_nll2d/cpfn2d_pooled/ACIC/ACIC_r09.npz
